,type_school,school_accreditation,gender,interest,residence,parent_age,parent_salary,house_area,average_grades,parent_was_in_college,will_go_to_college
0,Academic,A,Male,Less Interested,Urban,56,6950000,83.0,84.09,False,1
1,Academic,A,Male,Less Interested,Urban,57,4410000,76.8,86.91,False,1
2,Academic,B,Female,Very Interested,Urban,50,6500000,80.6,87.43,False,1
3,Vocational,B,Male,Very Interested,Rural,49,6600000,78.2,82.12,True,1
4,Academic,A,Female,Very Interested,Urban,57,5250000,75.1,86.79,False,0
5,Vocational,B,Female,Less Interested,Rural,48,3770000,65.3,86.79,True,0
6,Academic,A,Male,Very Interested,Rural,52,6680000,85.5,90.39,True,1
7,Academic,B,Male,Very Interested,Rural,53,5890000,83.3,84.65,True,0
8,Academic,B,Female,Uncertain,Rural,52,6730000,80.3,88.5,True,1
9,Academic,B,Female,Very Interested,Rural,47,3880000,68.0,85.43,True,0
10,Vocational,A,Male,Not Interested,Rural,57,5680000,67.1,89.45,True,0
11,Vocational,B,Male,Uncertain,Rural,48,5950000,60.7,84.96,True,0
12,Vocational,B,Male,Uncertain,Rural,47,6930000,65.4,86.23,True,0
13,Academic,B,Male,Very Interested,Rural,53,7130000,88.5,91.92,True,1
14,Academic,A,Male,Very Interested,Urban,51,3370000,67.1,84.09,False,0
15,Vocational,A,Female,Less Interested,Urban,53,6940000,50.1,89.71,True,1
16,Academic,B,Male,Very Interested,Rural,48,3970000,63.5,86.38,True,0
17,Vocational,B,Female,Very Interested,Rural,49,6790000,75.9,85.68,True,0
18,Vocational,A,Female,Less Interested,Rural,47,7180000,68.3,84.9,False,0
19,Vocational,B,Female,Very Interested,Rural,47,4090000,54.5,85.94,True,0
20,Vocational,B,Female,Very Interested,Urban,52,6680000,64.5,87.64,True,1
21,Academic,B,Female,Interested,Urban,56,2600000,77.5,86.5,True,0
22,Academic,A,Female,Very Interested,Urban,51,3900000,57.9,83.18,False,0
23,Academic,B,Female,Interested,Urban,60,4250000,58.1,83.99,False,0
24,Academic,B,Male,Very Interested,Urban,54,6400000,83.8,88.3,False,1
25,Vocational,A,Male,Not Interested,Urban,51,5760000,71.5,83.42,False,1
26,Vocational,B,Male,Very Interested,Rural,55,4950000,94.6,85.39,True,0
27,Vocational,A,Male,Uncertain,Urban,53,4720000,78.5,82.26,False,1
28,Vocational,B,Male,Not Interested,Rural,51,4890000,90.0,87.36,True,0
29,Vocational,B,Female,Uncertain,Rural,50,6450000,78.4,85.86,True,0
30,Vocational,A,Male,Very Interested,Rural,49,6470000,74.6,86.32,True,1
31,Vocational,B,Male,Less Interested,Urban,54,5080000,40.7,82.39,True,0
32,Academic,A,Male,Very Interested,Urban,60,3230000,79.6,85.96,False,0
33,Academic,B,Male,Less Interested,Rural,52,6130000,76.1,82.7,True,0
34,Vocational,A,Female,Very Interested,Rural,52,5700000,102.8,85.31,True,1
35,Academic,A,Female,Very Interested,Urban,53,5900000,79.7,88.96,False,1
36,Academic,A,Male,Uncertain,Urban,55,6610000,76.1,89.83,False,1
37,Vocational,A,Female,Very Interested,Rural,48,5940000,62.4,83.67,True,0
38,Academic,A,Male,Less Interested,Urban,54,7310000,54.6,83.57,False,0
39,Vocational,B,Female,Not Interested,Rural,53,4660000,80.2,86.73,True,0
40,Academic,A,Female,Not Interested,Urban,50,5630000,69.9,80.5,False,1
41,Academic,B,Female,Less Interested,Urban,53,3970000,65.6,88.49,True,0
42,Vocational,B,Female,Very Interested,Urban,53,5550000,82.9,83.74,True,1
43,Vocational,A,Female,Very Interested,Rural,52,6680000,89.2,89.35,True,1
44,Vocational,A,Female,Very Interested,Urban,50,5570000,75.8,83.55,False,1
45,Academic,A,Male,Uncertain,Urban,50,2660000,64.6,79.92,True,0
46,Academic,A,Female,Uncertain,Rural,51,4720000,57.2,84.81,True,0
47,Vocational,A,Male,Very Interested,Urban,55,4740000,97.1,90.49,False,1
48,Academic,A,Female,Uncertain,Rural,54,7260000,77.1,89.02,True,1
49,Vocational,A,Male,Uncertain,Rural,53,5570000,79.7,88.42,False,0
50,Vocational,A,Male,Very Interested,Rural,46,7460000,89.7,90.78,True,1
51,Vocational,A,Male,Less Interested,Urban,56,6110000,61.6,87.56,False,1
52,Vocational,B,Female,Uncertain,Rural,51,5930000,79.8,92.53,True,1
53,Academic,B,Female,Less Interested,Urban,51,3850000,57.2,84.37,False,0
54,Vocational,B,Male,Uncertain,Rural,51,6540000,87.1,88.19,True,0
55,Vocational,A,Male,Very Interested,Urban,55,4880000,88.2,93.05,False,1
56,Vocational,A,Male,Uncertain,Rural,55,4590000,75.0,94.03,True,1
57,Vocational,A,Male,Uncertain,Rural,47,6390000,70.3,84.25,True,0
58,Academic,A,Female,Interested,Urban,46,7610000,59.8,83.17,False,0
59,Academic,A,Male,Very Interested,Urban,55,3760000,87.1,91.15,True,1
60,Academic,A,Female,Not Interested,Rural,49,6220000,84.0,82.48,True,1
61,Academic,B,Male,Less Interested,Rural,49,6210000,82.3,83.72,False,0
62,Vocational,A,Male,Not Interested,Urban,51,4800000,66.2,79.17,False,1
63,Vocational,A,Female,Very Interested,Rural,48,5840000,79.7,85.51,True,0
64,Academic,A,Male,Interested,Urban,55,5610000,82.4,82.49,False,0
65,Vocational,A,Male,Less Interested,Urban,54,5620000,68.6,86.0,False,1
66,Vocational,B,Male,Uncertain,Rural,52,6300000,77.8,86.73,True,0
67,Academic,A,Male,Very Interested,Urban,52,4740000,50.9,84.78,False,0
68,Vocational,A,Male,Not Interested,Rural,51,5720000,84.1,86.89,True,1
69,Vocational,A,Female,Very Interested,Rural,53,6200000,81.2,89.19,True,1
70,Academic,A,Female,Very Interested,Urban,53,5570000,93.5,88.92,False,1
71,Vocational,B,Male,Uncertain,Rural,49,6700000,78.9,87.54,True,0
72,Academic,B,Female,Very Interested,Rural,47,4100000,60.6,83.24,True,0
73,Academic,A,Female,Less Interested,Urban,57,3200000,74.8,84.93,False,0
74,Vocational,B,Male,Not Interested,Rural,54,7570000,74.6,93.57,True,1
75,Vocational,B,Female,Interested,Urban,55,4200000,51.2,84.02,False,0
76,Academic,B,Male,Uncertain,Urban,57,4500000,50.7,80.55,False,1
77,Vocational,A,Male,Very Interested,Rural,54,5750000,94.1,88.87,False,1
78,Academic,B,Male,Uncertain,Rural,50,8390000,81.4,89.21,True,1
79,Academic,A,Male,Very Interested,Urban,52,6550000,79.4,91.17,False,1
80,Academic,B,Female,Very Interested,Urban,54,4730000,88.4,82.52,False,0
81,Vocational,B,Male,Uncertain,Rural,50,5540000,86.8,85.88,True,0
82,Academic,B,Male,Less Interested,Urban,58,5030000,69.9,82.39,False,1
83,Vocational,A,Male,Uncertain,Urban,52,5920000,76.0,86.2,False,1
84,Academic,A,Female,Interested,Urban,56,3990000,61.0,84.48,False,0
85,Vocational,B,Female,Interested,Urban,56,5280000,56.0,88.38,False,0
86,Vocational,A,Male,Less Interested,Urban,55,6090000,75.3,89.31,True,1
87,Vocational,A,Male,Less Interested,Urban,51,7040000,57.6,87.37,True,1
88,Vocational,A,Female,Very Interested,Urban,52,5420000,83.4,83.14,False,1
89,Vocational,A,Male,Very Interested,Urban,53,5510000,76.4,83.7,False,1
90,Academic,A,Female,Less Interested,Urban,55,4740000,65.0,87.56,False,0
91,Vocational,B,Male,Interested,Urban,54,3240000,54.5,81.7,False,0
92,Vocational,A,Male,Interested,Urban,60,6650000,96.7,92.76,False,1
93,Academic,B,Male,Less Interested,Urban,52,4070000,58.0,85.08,True,0
94,Vocational,B,Male,Very Interested,Rural,41,9110000,79.2,91.7,True,1
95,Academic,B,Female,Very Interested,Rural,49,7480000,84.1,87.4,True,1
96,Vocational,A,Male,Uncertain,Rural,48,5740000,65.2,83.28,False,0
97,Vocational,A,Female,Very Interested,Urban,54,6020000,84.3,87.17,True,1
98,Academic,B,Female,Very Interested,Rural,51,6460000,87.2,84.75,True,1
99,Vocational,A,Male,Uncertain,Rural,52,5610000,104.2,83.73,False,1
100,Academic,A,Female,Uncertain,Urban,52,3520000,69.2,82.44,False,0
101,Academic,A,Male,Very Interested,Urban,55,3100000,82.5,84.05,False,0
102,Vocational,A,Male,Uncertain,Rural,52,5570000,96.9,85.81,False,1
103,Academic,A,Female,Less Interested,Rural,51,5050000,74.7,84.28,False,0
104,Academic,A,Female,Very Interested,Urban,52,5430000,81.5,90.54,False,1
105,Vocational,A,Female,Uncertain,Rural,53,4760000,82.8,85.77,True,0
106,Vocational,A,Female,Very Interested,Rural,49,6370000,97.9,85.37,True,1
107,Academic,B,Male,Very Interested,Rural,54,5840000,86.7,88.18,True,1
108,Academic,A,Male,Less Interested,Urban,59,4370000,73.4,84.01,False,0
109,Academic,A,Male,Interested,Urban,57,6090000,34.0,83.5,False,0
110,Vocational,A,Male,Uncertain,Rural,51,5200000,74.7,86.62,True,0
111,Academic,B,Female,Less Interested,Urban,52,2960000,79.4,86.99,True,0
112,Academic,B,Male,Less Interested,Rural,52,8160000,75.9,93.55,True,1
113,Vocational,B,Female,Interested,Urban,52,4540000,45.9,84.98,True,0
114,Academic,B,Female,Very Interested,Rural,49,7790000,80.2,87.53,True,1
115,Vocational,A,Male,Less Interested,Rural,43,7510000,60.5,84.64,False,0
116,Vocational,A,Male,Uncertain,Rural,50,6030000,75.9,86.34,False,0
117,Academic,A,Male,Very Interested,Rural,53,4260000,76.2,89.55,False,0
118,Vocational,B,Female,Less Interested,Urban,60,4720000,77.6,83.62,False,1
119,Vocational,B,Male,Not Interested,Rural,55,2920000,82.5,85.43,True,0
120,Vocational,B,Female,Interested,Urban,49,4150000,46.1,81.91,True,0
121,Academic,B,Male,Uncertain,Rural,48,7700000,67.0,88.34,True,1
122,Academic,B,Female,Very Interested,Rural,52,6710000,77.8,88.17,True,1
123,Vocational,B,Female,Not Interested,Rural,46,6650000,77.7,83.72,True,1
124,Academic,B,Female,Less Interested,Urban,56,6990000,67.5,89.74,True,1
125,Academic,A,Female,Less Interested,Urban,54,5230000,49.8,82.32,False,0
126,Academic,B,Male,Not Interested,Rural,46,7200000,76.0,92.99,True,1
127,Academic,B,Male,Less Interested,Urban,50,3430000,59.1,84.1,False,0
128,Vocational,B,Male,Not Interested,Rural,50,4850000,71.6,93.53,True,1
129,Academic,B,Male,Less Interested,Urban,53,3510000,70.5,85.29,True,0
130,Vocational,B,Female,Very Interested,Rural,55,5650000,73.0,84.81,False,0
131,Academic,A,Female,Uncertain,Rural,46,2780000,62.0,79.02,True,0
132,Vocational,B,Male,Uncertain,Rural,53,6380000,89.6,88.18,True,1
133,Vocational,B,Male,Interested,Rural,50,5070000,49.3,85.72,True,0
134,Academic,B,Female,Uncertain,Rural,50,4410000,90.6,96.56,True,1
135,Vocational,B,Male,Uncertain,Rural,49,4190000,87.2,83.54,True,0
136,Academic,B,Female,Very Interested,Urban,53,4930000,89.1,92.08,True,1
137,Academic,A,Female,Very Interested,Urban,49,4100000,58.4,83.16,False,0
138,Academic,A,Female,Less Interested,Urban,53,4510000,52.6,81.87,False,0
139,Academic,A,Male,Interested,Urban,53,3320000,63.4,83.62,False,0
140,Vocational,A,Male,Very Interested,Rural,54,5890000,85.6,88.55,False,1
141,Academic,A,Female,Interested,Urban,58,4950000,50.4,83.52,False,0
142,Vocational,A,Male,Less Interested,Rural,48,8120000,68.8,82.45,False,0
143,Academic,A,Female,Uncertain,Rural,47,6360000,84.5,82.23,True,1
144,Vocational,B,Female,Uncertain,Rural,53,3980000,80.5,84.13,True,0
145,Academic,B,Male,Very Interested,Rural,50,6460000,79.3,86.48,True,1
146,Vocational,A,Female,Uncertain,Rural,49,5710000,74.3,82.02,True,1
147,Academic,B,Female,Less Interested,Urban,56,5670000,75.3,83.71,False,0
148,Vocational,B,Female,Uncertain,Rural,42,8080000,83.0,89.39,True,1
149,Academic,B,Female,Less Interested,Urban,49,4840000,54.9,85.81,True,0
150,Academic,B,Female,Uncertain,Rural,48,5020000,88.0,92.47,True,1
151,Vocational,B,Female,Uncertain,Rural,46,7080000,46.3,84.33,True,1
152,Academic,B,Female,Very Interested,Urban,58,5390000,74.9,86.92,False,1
153,Academic,B,Female,Uncertain,Rural,52,4890000,109.1,80.65,True,1
154,Vocational,B,Male,Uncertain,Rural,55,3610000,79.0,83.12,True,0
155,Vocational,A,Female,Very Interested,Rural,49,6750000,77.4,86.38,True,1
156,Vocational,A,Male,Uncertain,Urban,56,3970000,84.7,86.49,False,0
157,Vocational,B,Female,Uncertain,Rural,52,4150000,78.3,84.49,True,0
158,Academic,A,Female,Less Interested,Urban,55,6960000,78.5,83.84,False,0
159,Vocational,B,Female,Interested,Urban,54,3680000,51.7,85.09,True,0
160,Vocational,B,Male,Uncertain,Rural,54,4640000,84.3,92.8,True,1
161,Academic,B,Male,Very Interested,Urban,52,6750000,90.1,86.23,False,1
162,Academic,A,Male,Less Interested,Urban,54,3650000,76.4,87.09,False,0
163,Academic,A,Female,Very Interested,Urban,56,3700000,72.7,85.14,False,0
164,Academic,B,Male,Not Interested,Rural,49,7570000,62.3,89.95,True,1
165,Academic,B,Male,Uncertain,Urban,53,6160000,80.8,91.16,True,1
166,Vocational,B,Female,Uncertain,Rural,54,4840000,84.6,86.15,True,0
167,Academic,A,Female,Very Interested,Urban,59,2910000,79.6,85.24,False,0
168,Vocational,A,Female,Less Interested,Rural,49,5920000,100.2,83.94,True,1
169,Academic,B,Female,Less Interested,Urban,50,3360000,63.5,84.98,True,0
170,Vocational,A,Male,Uncertain,Urban,55,5610000,65.0,88.23,False,1
171,Academic,B,Female,Not Interested,Rural,50,8290000,67.4,89.16,True,1
172,Academic,A,Male,Very Interested,Urban,60,1830000,75.9,81.19,False,0
173,Vocational,B,Male,Less Interested,Rural,50,6680000,87.9,86.56,True,1
174,Academic,A,Male,Less Interested,Urban,53,4180000,69.3,80.96,False,0
175,Academic,B,Male,Very Interested,Rural,49,3770000,66.7,85.93,True,0
176,Vocational,A,Male,Very Interested,Rural,52,6140000,86.3,87.28,False,1
177,Academic,B,Female,Uncertain,Rural,52,5340000,85.2,95.1,True,1
178,Academic,A,Female,Less Interested,Urban,51,4720000,104.5,87.24,False,1
179,Vocational,A,Male,Uncertain,Rural,52,5720000,55.0,85.31,True,0
180,Academic,A,Female,Less Interested,Urban,53,5310000,72.3,81.04,False,0
181,Academic,A,Male,Very Interested,Urban,51,7430000,74.3,88.84,False,1
182,Vocational,B,Male,Uncertain,Rural,55,4830000,83.3,87.3,True,0
183,Academic,B,Female,Uncertain,Rural,50,5690000,75.2,91.47,True,1
184,Academic,A,Female,Less Interested,Rural,44,5410000,36.6,83.48,False,0
185,Vocational,B,Female,Uncertain,Rural,54,5490000,81.3,91.27,True,1
186,Vocational,A,Male,Not Interested,Urban,55,3660000,77.5,78.59,False,1
187,Academic,A,Female,Less Interested,Urban,53,5110000,68.2,82.67,False,0
188,Vocational,B,Male,Very Interested,Urban,53,5690000,66.4,86.53,True,1
189,Academic,B,Female,Very Interested,Rural,54,6160000,120.0,88.98,True,1
190,Academic,B,Female,Less Interested,Rural,54,4550000,65.8,84.97,True,0
191,Vocational,B,Female,Uncertain,Rural,47,6130000,81.5,84.88,True,0
192,Vocational,A,Male,Uncertain,Rural,52,5620000,74.9,85.15,False,0
193,Academic,B,Male,Very Interested,Urban,55,5250000,80.7,83.89,False,0
194,Vocational,B,Female,Uncertain,Rural,54,3700000,99.6,83.5,True,0
195,Academic,A,Male,Interested,Urban,55,5120000,49.7,85.73,False,0
196,Vocational,A,Male,Very Interested,Rural,47,6200000,75.3,82.35,True,1
197,Vocational,B,Female,Not Interested,Rural,53,4340000,87.5,85.56,True,0
198,Academic,B,Male,Uncertain,Rural,55,5530000,112.5,88.51,True,1
199,Academic,B,Male,Interested,Urban,53,4100000,54.0,84.9,False,0
200,Vocational,A,Male,Uncertain,Urban,56,5580000,65.2,85.96,False,1
201,Academic,A,Female,Less Interested,Urban,58,5370000,72.3,84.78,False,0
202,Academic,B,Female,Very Interested,Rural,54,5790000,94.9,86.6,True,1
203,Academic,A,Male,Interested,Urban,56,5280000,65.6,88.94,False,0
204,Academic,A,Male,Very Interested,Urban,51,4440000,59.3,84.45,False,0
205,Academic,A,Male,Uncertain,Urban,54,4940000,100.1,83.52,False,1
206,Academic,A,Male,Less Interested,Urban,59,3720000,60.7,84.44,False,0
207,Vocational,B,Female,Very Interested,Rural,46,5920000,90.3,81.98,True,0
208,Academic,A,Male,Very Interested,Urban,53,4840000,87.7,89.03,False,1
209,Vocational,A,Female,Very Interested,Rural,50,5470000,67.2,80.9,False,0
210,Vocational,B,Male,Less Interested,Rural,48,7640000,64.2,86.93,True,1
211,Vocational,B,Male,Uncertain,Rural,49,5810000,89.5,87.68,True,0
212,Vocational,B,Male,Uncertain,Rural,48,6280000,72.4,85.15,True,0
213,Vocational,A,Female,Very Interested,Urban,54,6010000,80.1,87.39,False,1
214,Vocational,A,Female,Uncertain,Urban,56,4250000,75.9,84.35,False,0
215,Academic,A,Female,Very Interested,Urban,52,5320000,65.7,85.39,False,1
216,Academic,A,Male,Less Interested,Urban,54,7260000,92.8,89.07,False,1
217,Academic,B,Male,Very Interested,Urban,51,4970000,87.8,89.41,True,1
218,Vocational,B,Female,Not Interested,Rural,50,3010000,76.7,82.93,True,0
219,Academic,A,Female,Very Interested,Urban,52,8020000,68.5,83.64,False,1
220,Academic,B,Female,Uncertain,Urban,64,3860000,86.1,85.28,False,1
221,Academic,A,Female,Very Interested,Urban,52,5980000,72.0,87.66,False,1
222,Academic,A,Male,Very Interested,Urban,57,6540000,60.1,85.58,False,0
223,Vocational,B,Female,Uncertain,Urban,50,7550000,75.6,89.39,False,1
224,Vocational,A,Female,Uncertain,Urban,53,4330000,63.3,91.09,False,1
225,Academic,B,Male,Uncertain,Urban,51,4170000,83.8,90.96,True,1
226,Academic,B,Female,Uncertain,Urban,53,5730000,86.5,83.84,True,1
227,Academic,B,Male,Uncertain,Urban,48,6090000,68.7,90.83,True,1
228,Academic,B,Female,Very Interested,Rural,53,6140000,79.7,92.76,True,1
229,Vocational,A,Male,Uncertain,Rural,51,6040000,71.9,88.74,True,1
230,Vocational,B,Female,Uncertain,Urban,54,6580000,66.2,88.54,True,1
231,Vocational,B,Male,Not Interested,Urban,53,5190000,59.9,92.69,True,1
232,Academic,B,Male,Uncertain,Urban,53,6150000,83.9,91.02,True,1
233,Academic,A,Male,Uncertain,Rural,51,3510000,78.3,83.9,True,0
234,Academic,B,Female,Uncertain,Urban,52,8080000,67.8,87.39,False,1
235,Vocational,B,Male,Uncertain,Urban,58,4540000,63.6,84.63,False,0
236,Academic,B,Male,Less Interested,Urban,56,4560000,64.1,87.81,False,0
237,Vocational,B,Female,Not Interested,Rural,52,8400000,76.1,91.53,True,1
238,Academic,B,Female,Very Interested,Rural,52,7960000,88.2,93.35,True,1
239,Academic,A,Male,Less Interested,Urban,57,3830000,89.3,84.92,False,1
240,Vocational,A,Female,Less Interested,Urban,55,5110000,99.3,86.1,False,1
241,Vocational,A,Male,Interested,Urban,52,5230000,33.4,81.13,False,0
242,Vocational,B,Female,Uncertain,Rural,50,6290000,91.3,87.52,True,0
243,Academic,A,Female,Less Interested,Rural,51,5350000,47.4,82.61,True,0
244,Academic,B,Female,Very Interested,Urban,54,6570000,83.3,89.42,False,1
245,Vocational,A,Male,Very Interested,Urban,53,6410000,74.8,85.65,False,1
246,Academic,B,Female,Uncertain,Rural,48,6750000,91.0,85.01,True,1
247,Academic,B,Male,Uncertain,Urban,52,6200000,67.8,88.72,True,1
248,Academic,B,Male,Uncertain,Rural,50,2810000,80.5,85.62,True,0
249,Vocational,B,Male,Less Interested,Urban,56,5550000,91.3,86.02,False,1
250,Vocational,A,Female,Less Interested,Urban,61,4230000,81.5,84.39,False,1
251,Vocational,B,Male,Interested,Urban,50,4160000,47.5,81.8,True,0
252,Academic,B,Male,Uncertain,Rural,50,7880000,93.0,96.1,True,1
253,Academic,B,Female,Very Interested,Urban,56,6070000,71.3,86.86,False,1
254,Academic,A,Male,Not Interested,Rural,49,2600000,100.8,88.86,True,0
255,Academic,B,Female,Less Interested,Urban,46,2730000,62.4,83.08,True,0
256,Academic,A,Male,Interested,Urban,52,4920000,41.8,81.64,False,0
257,Vocational,B,Female,Less Interested,Rural,54,6160000,103.5,88.91,True,1
258,Vocational,A,Female,Uncertain,Rural,43,7090000,59.5,84.19,True,0
259,Academic,B,Male,Very Interested,Urban,54,6060000,86.3,86.55,True,1
260,Vocational,A,Male,Very Interested,Urban,58,4410000,80.7,85.44,False,1
261,Academic,A,Male,Less Interested,Urban,53,3340000,86.1,90.01,False,1
262,Vocational,B,Male,Uncertain,Rural,48,5280000,78.8,82.24,True,0
263,Vocational,B,Female,Interested,Urban,50,5680000,20.4,80.57,True,0
264,Academic,B,Male,Less Interested,Urban,53,6140000,76.2,84.33,False,0
265,Academic,B,Female,Uncertain,Urban,50,2160000,78.4,83.17,True,0
266,Academic,A,Male,Less Interested,Urban,57,3040000,72.3,84.79,False,0
267,Academic,B,Female,Not Interested,Rural,49,6340000,77.3,92.68,True,1
268,Vocational,A,Male,Very Interested,Urban,54,5510000,58.2,84.89,False,1
269,Vocational,A,Male,Uncertain,Rural,49,6680000,79.3,87.67,True,1
270,Academic,A,Male,Uncertain,Rural,47,3040000,85.3,85.93,True,0
271,Academic,A,Female,Uncertain,Urban,52,5040000,65.5,88.37,True,1
272,Academic,B,Female,Uncertain,Rural,48,6710000,90.7,85.78,True,1
273,Academic,A,Female,Interested,Urban,54,5370000,38.0,82.7,False,0
274,Academic,B,Male,Uncertain,Rural,52,5060000,87.3,93.89,True,1
275,Academic,B,Female,Very Interested,Rural,46,3780000,68.6,89.13,True,0
276,Academic,B,Female,Uncertain,Rural,50,7230000,93.8,89.53,True,1
277,Vocational,B,Female,Less Interested,Urban,53,6210000,84.3,85.94,True,1
278,Academic,B,Female,Very Interested,Rural,49,7900000,75.8,90.67,True,1
279,Academic,A,Female,Less Interested,Urban,56,4120000,67.0,86.6,False,0
280,Vocational,A,Female,Uncertain,Rural,52,5860000,68.9,89.04,True,1
281,Academic,A,Female,Less Interested,Rural,51,4760000,87.1,82.36,False,0
282,Academic,A,Male,Less Interested,Urban,57,2940000,79.7,82.57,False,0
283,Academic,B,Male,Less Interested,Urban,50,3230000,64.8,86.02,True,0
284,Academic,B,Male,Very Interested,Urban,50,6740000,71.2,87.64,False,1
285,Academic,A,Male,Less Interested,Rural,53,5680000,81.3,84.25,False,0
286,Academic,B,Male,Less Interested,Urban,55,1660000,92.1,88.26,False,0
287,Academic,B,Female,Less Interested,Urban,54,3210000,106.9,92.85,False,1
288,Academic,A,Male,Less Interested,Rural,52,5720000,81.7,83.88,False,0
289,Academic,B,Male,Very Interested,Rural,52,6720000,89.8,88.78,True,1
290,Academic,A,Female,Uncertain,Urban,58,5060000,62.1,88.85,False,0
291,Academic,A,Female,Less Interested,Urban,52,3320000,64.6,82.33,False,0
292,Academic,B,Male,Interested,Urban,60,3540000,64.7,83.03,False,0
293,Vocational,B,Male,Interested,Urban,52,5290000,41.7,86.38,False,0
294,Academic,B,Male,Very Interested,Rural,49,7710000,92.3,90.4,True,1
295,Vocational,B,Male,Uncertain,Urban,55,4730000,69.5,83.84,False,0
296,Vocational,A,Female,Uncertain,Rural,50,6630000,98.5,89.28,True,1
297,Vocational,B,Male,Interested,Urban,51,4020000,62.8,88.1,True,0
298,Vocational,A,Female,Less Interested,Rural,44,8370000,65.3,83.54,False,0
299,Academic,A,Female,Uncertain,Rural,53,5660000,76.9,89.97,False,1
300,Academic,A,Male,Very Interested,Rural,51,5460000,80.6,85.23,False,0
301,Academic,A,Male,Interested,Urban,54,5670000,65.4,81.76,False,0
302,Academic,A,Female,Less Interested,Urban,46,4980000,47.8,84.72,False,0
303,Academic,B,Male,Uncertain,Rural,49,6910000,84.6,91.38,True,1
304,Academic,A,Female,Uncertain,Urban,51,5550000,68.2,87.61,False,1
305,Vocational,B,Female,Not Interested,Rural,49,5520000,65.3,87.58,True,1
306,Academic,B,Male,Uncertain,Rural,48,7310000,105.5,87.66,True,1
307,Academic,A,Female,Uncertain,Rural,53,5390000,47.1,81.0,True,0
308,Academic,A,Male,Very Interested,Rural,47,5840000,90.2,86.36,True,0
309,Vocational,B,Female,Not Interested,Rural,55,4450000,77.4,84.93,True,0
310,Academic,B,Female,Very Interested,Rural,48,3440000,58.3,84.07,True,0
311,Academic,A,Female,Very Interested,Urban,53,3310000,66.6,83.14,False,0
312,Vocational,B,Female,Not Interested,Rural,53,4110000,73.2,85.7,True,0
313,Academic,A,Female,Very Interested,Urban,56,3380000,69.1,84.06,False,0
314,Vocational,A,Male,Less Interested,Urban,54,6530000,66.6,89.2,False,1
315,Academic,B,Male,Very Interested,Urban,54,4120000,80.8,92.07,False,1
316,Vocational,B,Male,Very Interested,Rural,51,5310000,70.9,83.42,True,0
317,Academic,A,Male,Less Interested,Urban,55,4880000,95.1,90.47,False,1
318,Academic,B,Female,Less Interested,Urban,55,5780000,85.1,85.9,True,1
319,Vocational,A,Female,Interested,Urban,47,6410000,20.0,81.46,False,0
320,Vocational,A,Male,Very Interested,Urban,59,3800000,66.6,82.98,False,0
321,Academic,A,Male,Interested,Urban,60,3860000,70.5,84.83,False,0
322,Academic,A,Female,Very Interested,Urban,56,3390000,80.5,84.04,False,0
323,Academic,B,Male,Less Interested,Rural,47,5100000,40.6,82.32,True,0
324,Vocational,A,Female,Uncertain,Rural,50,6920000,91.5,90.79,True,1
325,Academic,B,Female,Very Interested,Urban,55,2920000,67.0,82.93,True,0
326,Academic,B,Male,Less Interested,Rural,46,4010000,58.5,84.11,True,0
327,Academic,A,Female,Very Interested,Urban,53,4510000,66.7,87.71,False,0
328,Vocational,A,Male,Less Interested,Rural,48,5750000,66.9,82.11,False,0
329,Academic,B,Female,Very Interested,Urban,54,5250000,69.6,84.81,True,1
330,Vocational,A,Male,Very Interested,Urban,53,4360000,75.2,83.29,False,0
331,Vocational,A,Female,Very Interested,Rural,51,5940000,62.8,82.23,False,0
332,Academic,B,Female,Less Interested,Urban,52,3640000,59.4,84.59,True,0
333,Vocational,B,Male,Interested,Urban,58,5060000,48.4,86.75,False,0
334,Academic,B,Female,Very Interested,Urban,54,5560000,79.9,83.41,True,1
335,Academic,A,Male,Uncertain,Rural,54,8650000,76.7,90.03,True,1
336,Academic,B,Female,Less Interested,Rural,40,3810000,44.7,81.0,True,0
337,Vocational,B,Male,Uncertain,Rural,52,6450000,65.1,86.14,True,0
338,Academic,A,Male,Not Interested,Rural,53,5810000,107.1,88.37,True,1
339,Academic,B,Female,Uncertain,Rural,50,6250000,79.9,90.96,True,1
340,Vocational,A,Female,Uncertain,Urban,52,4740000,76.0,79.11,False,1
341,Academic,A,Female,Less Interested,Urban,52,3260000,57.1,80.26,False,0
342,Academic,A,Male,Less Interested,Urban,50,4660000,51.1,85.87,False,0
343,Vocational,A,Male,Very Interested,Rural,51,5140000,67.6,83.26,False,0
344,Vocational,B,Male,Uncertain,Rural,52,6230000,84.4,86.39,True,0
345,Academic,B,Male,Less Interested,Urban,46,3800000,57.4,84.84,True,0
346,Academic,B,Female,Uncertain,Rural,51,5630000,93.5,85.19,True,1
347,Academic,B,Female,Very Interested,Urban,55,6340000,91.6,90.95,False,1
348,Academic,A,Male,Less Interested,Urban,51,4860000,54.3,84.33,False,0
349,Academic,B,Female,Very Interested,Urban,54,7570000,71.3,88.33,True,1
350,Academic,B,Female,Very Interested,Rural,51,5950000,86.2,88.76,True,1
351,Vocational,A,Female,Not Interested,Urban,52,5240000,60.2,91.2,True,1
352,Vocational,B,Female,Not Interested,Rural,52,5480000,56.1,90.51,True,1
353,Vocational,B,Female,Very Interested,Rural,43,6800000,76.2,82.62,True,0
354,Academic,B,Male,Less Interested,Urban,55,6490000,72.5,84.22,False,0
355,Academic,A,Female,Less Interested,Urban,47,4600000,52.7,83.92,True,0
356,Academic,B,Female,Very Interested,Rural,52,5500000,97.7,85.13,True,1
357,Academic,A,Male,Very Interested,Urban,57,6690000,89.8,89.87,False,1
358,Academic,B,Male,Uncertain,Rural,52,5090000,96.2,82.28,True,1
359,Academic,B,Female,Very Interested,Rural,46,3470000,61.2,83.73,True,0
360,Academic,A,Female,Less Interested,Urban,50,6840000,53.5,81.78,False,0
361,Vocational,B,Male,Less Interested,Rural,48,4640000,51.7,85.14,True,0
362,Academic,A,Female,Uncertain,Urban,50,5580000,62.4,89.9,False,1
363,Vocational,B,Female,Uncertain,Rural,49,6740000,81.5,89.87,True,0
364,Academic,A,Female,Uncertain,Rural,52,6450000,82.3,88.27,True,1
365,Academic,B,Female,Very Interested,Rural,43,3800000,48.5,79.1,True,0
366,Vocational,A,Female,Very Interested,Rural,50,6400000,81.3,85.36,False,1
367,Academic,A,Female,Less Interested,Urban,50,4640000,50.8,83.92,False,0
368,Academic,A,Female,Less Interested,Rural,46,5570000,35.2,82.31,False,0
369,Academic,B,Male,Not Interested,Urban,56,6090000,75.8,85.13,False,1
370,Academic,B,Female,Less Interested,Urban,57,3070000,75.8,85.02,False,0
371,Academic,A,Male,Less Interested,Urban,57,3370000,71.6,84.67,False,0
372,Academic,B,Male,Less Interested,Urban,59,5170000,83.4,87.65,False,1
373,Academic,A,Female,Less Interested,Urban,54,5920000,88.2,83.23,False,1
374,Academic,A,Male,Very Interested,Urban,51,7320000,77.6,86.81,False,1
375,Academic,A,Male,Less Interested,Urban,51,6670000,71.6,85.12,False,0
376,Academic,A,Male,Uncertain,Urban,55,2450000,86.4,85.18,False,0
377,Vocational,B,Female,Not Interested,Rural,50,4740000,96.9,84.93,True,0
378,Vocational,B,Female,Interested,Urban,53,5370000,38.1,82.5,False,0
379,Academic,A,Female,Very Interested,Urban,54,4590000,79.5,89.54,False,1
380,Academic,B,Male,Very Interested,Rural,51,7310000,90.8,91.89,True,1
381,Academic,A,Female,Less Interested,Urban,53,3890000,56.7,83.25,False,0
382,Academic,B,Female,Very Interested,Rural,50,3440000,76.4,88.65,True,0
383,Academic,B,Male,Not Interested,Urban,55,5010000,86.3,82.13,False,1
384,Academic,B,Male,Less Interested,Urban,53,3460000,71.8,84.48,True,0
385,Academic,B,Male,Very Interested,Rural,52,6370000,89.4,85.48,True,1
386,Academic,B,Female,Very Interested,Urban,55,5770000,74.3,84.29,False,0
387,Academic,A,Female,Not Interested,Urban,59,4390000,115.7,87.16,False,1
388,Vocational,A,Female,Less Interested,Rural,49,6900000,68.4,86.93,True,1
389,Vocational,B,Male,Not Interested,Rural,55,3030000,103.4,89.26,True,0
390,Academic,B,Male,Uncertain,Rural,51,7120000,105.9,88.74,True,1
391,Academic,B,Male,Very Interested,Urban,58,5280000,78.0,85.84,False,1
392,Vocational,A,Female,Uncertain,Urban,48,5870000,56.5,82.11,False,0
393,Academic,B,Female,Less Interested,Urban,50,3540000,58.8,82.63,True,0
394,Academic,B,Female,Very Interested,Rural,49,3340000,64.3,83.59,True,0
395,Academic,A,Male,Interested,Urban,58,5520000,64.0,80.75,False,0
396,Vocational,B,Female,Very Interested,Rural,51,5010000,78.7,84.11,False,0
397,Vocational,A,Female,Uncertain,Rural,50,6740000,80.4,87.52,True,1
398,Academic,A,Female,Very Interested,Urban,51,5480000,77.3,90.4,False,1
399,Academic,A,Male,Uncertain,Rural,43,4160000,63.5,87.68,True,0
400,Vocational,B,Male,Interested,Urban,53,4480000,52.5,84.74,True,0
401,Academic,B,Female,Interested,Urban,56,3090000,69.4,84.66,False,0
402,Academic,A,Male,Uncertain,Rural,50,6530000,100.1,87.42,True,1
403,Academic,A,Male,Interested,Urban,54,4350000,55.2,85.68,False,0
404,Vocational,A,Male,Interested,Rural,47,8380000,81.2,93.07,True,1
405,Vocational,A,Male,Very Interested,Urban,54,5920000,69.3,84.33,False,1
406,Vocational,B,Female,Less Interested,Urban,53,6110000,75.6,85.84,True,1
407,Academic,B,Male,Uncertain,Rural,51,5770000,78.0,94.06,True,1
408,Academic,A,Female,Very Interested,Urban,55,4650000,74.9,83.64,False,0
409,Academic,B,Male,Interested,Urban,49,5040000,35.7,83.21,False,0
410,Academic,B,Male,Very Interested,Rural,52,4160000,58.6,81.94,True,0
411,Vocational,B,Male,Very Interested,Urban,56,6040000,75.6,87.46,True,1
412,Academic,A,Female,Less Interested,Urban,52,3920000,91.1,91.63,False,1
413,Academic,B,Female,Less Interested,Urban,58,3020000,81.2,78.92,True,0
414,Vocational,A,Male,Very Interested,Urban,50,5810000,59.1,82.48,False,0
415,Vocational,A,Female,Not Interested,Rural,55,4330000,68.5,84.91,False,0
416,Vocational,B,Male,Not Interested,Rural,53,3680000,85.9,85.63,True,0
417,Vocational,B,Female,Very Interested,Rural,51,6440000,114.8,86.6,True,1
418,Vocational,B,Female,Not Interested,Rural,53,6040000,74.9,86.66,True,0
419,Academic,A,Male,Less Interested,Urban,53,3110000,73.1,84.01,False,0
420,Vocational,A,Male,Interested,Urban,50,6610000,62.4,87.01,True,1
421,Vocational,A,Female,Uncertain,Rural,48,6190000,68.0,84.57,True,0
422,Academic,B,Male,Very Interested,Urban,56,3260000,62.1,84.42,False,0
423,Vocational,B,Male,Uncertain,Rural,55,4660000,82.4,84.77,True,0
424,Vocational,A,Female,Less Interested,Urban,58,5570000,51.1,85.81,False,1
425,Academic,A,Female,Less Interested,Urban,57,4420000,60.6,85.23,False,0
426,Vocational,B,Female,Uncertain,Rural,48,6180000,76.0,86.11,True,0
427,Academic,A,Male,Less Interested,Urban,56,5360000,86.3,84.78,False,0
428,Academic,A,Male,Uncertain,Rural,55,3830000,77.5,86.68,True,0
429,Academic,A,Male,Interested,Urban,54,6860000,74.9,84.0,False,0
430,Academic,B,Female,Uncertain,Rural,48,4260000,75.9,90.31,True,1
431,Academic,A,Male,Less Interested,Urban,51,9410000,76.2,83.7,False,1
432,Academic,B,Female,Less Interested,Rural,44,3280000,62.8,82.58,True,0
433,Academic,B,Male,Interested,Urban,57,3740000,63.0,85.23,False,0
434,Academic,B,Male,Interested,Urban,55,4060000,62.2,85.61,True,0
435,Academic,A,Female,Very Interested,Urban,47,3940000,52.2,83.41,False,0
436,Academic,A,Female,Less Interested,Urban,53,6690000,91.3,85.33,False,1
437,Vocational,B,Female,Uncertain,Rural,47,5910000,99.7,86.18,True,0
438,Academic,A,Male,Less Interested,Urban,54,4180000,64.4,84.04,False,0
439,Academic,A,Male,Very Interested,Rural,52,5720000,40.6,80.73,True,0
440,Vocational,A,Male,Uncertain,Rural,53,5540000,96.0,85.39,True,1
441,Academic,B,Male,Uncertain,Rural,49,6290000,84.9,91.82,True,1
442,Academic,A,Male,Very Interested,Urban,59,1790000,90.5,81.65,False,0
443,Academic,A,Female,Very Interested,Urban,57,2740000,89.8,83.56,False,0
444,Academic,B,Male,Less Interested,Rural,54,5290000,89.3,84.72,True,0
445,Academic,B,Female,Uncertain,Rural,47,6650000,94.4,85.79,True,1
446,Academic,B,Male,Not Interested,Rural,50,4910000,76.2,93.01,True,1
447,Vocational,B,Female,Uncertain,Rural,47,6610000,87.9,89.52,True,0
448,Academic,B,Female,Less Interested,Urban,52,4090000,63.1,85.45,True,0
449,Academic,B,Male,Very Interested,Rural,53,7300000,95.9,89.42,False,1
450,Vocational,B,Male,Interested,Rural,51,7220000,82.3,88.19,True,1
451,Vocational,A,Male,Very Interested,Rural,51,6480000,96.7,88.35,True,1
452,Academic,B,Female,Uncertain,Rural,51,5040000,91.0,96.72,True,1
453,Vocational,A,Male,Very Interested,Urban,53,4530000,67.0,82.13,False,0
454,Vocational,A,Male,Very Interested,Urban,49,5530000,57.1,80.05,False,0
455,Academic,A,Female,Very Interested,Urban,53,8430000,81.0,84.3,False,1
456,Academic,B,Male,Very Interested,Rural,52,5810000,87.8,86.72,True,0
457,Academic,A,Male,Interested,Urban,51,5340000,46.9,86.66,False,0
458,Vocational,A,Male,Very Interested,Urban,54,5780000,69.3,85.34,False,1
459,Academic,A,Female,Less Interested,Urban,52,10000000,87.6,83.67,False,1
460,Academic,B,Male,Uncertain,Rural,51,6120000,79.0,89.63,True,1
461,Academic,A,Female,Interested,Urban,58,4640000,57.0,86.6,False,0
462,Vocational,A,Female,Less Interested,Urban,59,4700000,101.1,84.08,False,1
463,Vocational,A,Male,Very Interested,Rural,49,6580000,76.7,86.71,True,0
464,Academic,A,Female,Very Interested,Urban,51,7320000,82.5,86.47,False,1
465,Vocational,A,Male,Uncertain,Rural,50,6670000,52.8,86.59,True,1
466,Vocational,A,Male,Very Interested,Rural,50,6020000,94.4,87.2,True,1
467,Academic,A,Male,Very Interested,Urban,52,1770000,78.1,83.79,False,0
468,Academic,A,Male,Very Interested,Urban,53,7160000,83.3,87.5,False,1
469,Academic,A,Female,Less Interested,Urban,51,2820000,64.6,83.18,False,0
470,Academic,A,Female,Very Interested,Urban,53,6680000,64.6,85.23,False,1
471,Vocational,A,Female,Less Interested,Rural,46,7790000,67.7,87.27,True,1
472,Academic,A,Male,Less Interested,Urban,54,8280000,77.7,81.12,False,1
473,Vocational,B,Male,Interested,Urban,54,5480000,22.9,80.73,True,0
474,Vocational,A,Female,Not Interested,Rural,52,4970000,76.4,87.5,True,0
475,Academic,B,Female,Interested,Urban,52,4680000,40.8,82.88,False,0
476,Academic,B,Female,Uncertain,Urban,52,5730000,77.0,89.97,True,1
477,Vocational,B,Female,Uncertain,Rural,45,7400000,70.7,84.56,True,0
478,Academic,B,Female,Less Interested,Urban,52,2940000,80.4,85.5,True,0
479,Academic,A,Male,Uncertain,Rural,48,4070000,59.4,80.69,False,0
480,Vocational,B,Female,Uncertain,Rural,55,4850000,73.5,84.12,True,0
481,Academic,B,Male,Uncertain,Rural,47,7130000,79.3,88.35,True,1
482,Academic,B,Female,Very Interested,Urban,48,3180000,59.5,81.86,True,0
483,Academic,A,Female,Uncertain,Rural,49,6200000,74.8,89.14,True,1
484,Academic,B,Male,Less Interested,Urban,58,4290000,67.3,85.2,True,0
485,Academic,B,Male,Interested,Urban,52,3450000,63.7,84.51,False,0
486,Academic,A,Male,Interested,Urban,53,4110000,60.2,84.3,False,0
487,Vocational,B,Male,Interested,Urban,56,4540000,49.8,84.56,False,0
488,Vocational,B,Male,Very Interested,Rural,52,6210000,77.2,85.91,True,0
489,Academic,B,Male,Not Interested,Rural,51,5350000,85.1,83.3,True,1
490,Academic,B,Female,Not Interested,Rural,48,6090000,74.4,95.81,True,1
491,Academic,B,Male,Uncertain,Rural,52,5940000,91.7,84.85,True,1
492,Academic,B,Female,Very Interested,Rural,50,7540000,96.5,91.84,True,1
493,Academic,A,Male,Very Interested,Urban,54,6310000,60.3,85.89,False,0
494,Academic,B,Male,Very Interested,Urban,50,7000000,93.1,86.93,False,1
495,Academic,B,Female,Very Interested,Rural,53,6670000,116.3,90.92,True,1
496,Academic,B,Male,Not Interested,Rural,46,4810000,76.5,94.28,True,1
497,Academic,A,Female,Less Interested,Urban,58,4000000,63.3,83.87,False,0
498,Vocational,B,Female,Uncertain,Rural,46,7460000,62.5,86.86,True,0
499,Vocational,B,Female,Less Interested,Rural,53,6720000,84.6,89.39,True,1
500,Vocational,A,Female,Very Interested,Urban,54,6460000,59.8,88.59,False,1
501,Academic,A,Male,Very Interested,Urban,54,5140000,85.4,86.31,False,0
502,Vocational,B,Female,Less Interested,Urban,54,4740000,40.9,83.55,True,0
503,Academic,B,Male,Uncertain,Rural,51,5130000,75.3,94.24,True,1
504,Academic,B,Male,Uncertain,Urban,54,6210000,80.5,83.99,True,1
505,Vocational,B,Male,Interested,Urban,56,4160000,59.6,85.83,False,0
506,Academic,A,Male,Interested,Urban,55,4440000,58.0,86.09,False,0
507,Academic,A,Male,Uncertain,Rural,48,7160000,71.0,88.46,True,1
508,Academic,B,Female,Less Interested,Urban,57,3750000,82.4,90.33,False,0
509,Academic,B,Male,Very Interested,Rural,53,7390000,94.3,92.39,False,1
510,Vocational,B,Male,Very Interested,Rural,47,5440000,67.0,81.16,True,0
511,Academic,A,Male,Very Interested,Rural,48,3770000,65.7,83.79,True,0
512,Vocational,A,Female,Uncertain,Urban,51,5850000,68.3,84.85,True,1
513,Vocational,A,Female,Uncertain,Urban,58,5680000,75.5,87.97,False,0
514,Vocational,B,Male,Uncertain,Rural,55,3550000,79.3,93.7,True,1
515,Academic,B,Female,Less Interested,Urban,54,4230000,57.7,84.89,True,0
516,Academic,B,Female,Less Interested,Urban,56,4490000,60.4,84.63,True,0
517,Academic,A,Female,Very Interested,Rural,48,6420000,69.3,84.15,False,0
518,Academic,B,Male,Very Interested,Rural,45,5340000,40.5,83.78,True,0
519,Vocational,A,Male,Uncertain,Urban,55,5220000,63.5,83.22,False,1
520,Vocational,B,Male,Not Interested,Rural,52,4170000,90.4,84.21,True,0
521,Vocational,A,Male,Less Interested,Urban,59,5390000,63.3,86.49,False,1
522,Academic,B,Female,Less Interested,Urban,56,5990000,70.6,83.1,False,0
523,Academic,A,Female,Very Interested,Urban,52,6910000,81.5,86.83,False,1
524,Academic,B,Female,Uncertain,Rural,50,6590000,76.0,91.77,True,1
525,Academic,B,Female,Less Interested,Urban,52,2790000,72.5,85.3,True,0
526,Vocational,A,Female,Less Interested,Urban,54,6520000,84.8,87.5,True,1
527,Vocational,A,Male,Uncertain,Rural,50,4710000,63.0,84.99,False,0
528,Vocational,B,Female,Uncertain,Rural,47,6520000,84.3,83.43,True,1
529,Academic,B,Female,Very Interested,Rural,40,3910000,48.7,80.8,True,0
530,Vocational,A,Male,Very Interested,Rural,47,6220000,74.4,84.61,True,0
531,Academic,B,Male,Interested,Urban,55,3460000,64.6,85.1,False,0
532,Academic,B,Male,Very Interested,Urban,52,6730000,85.1,90.49,False,1
533,Academic,B,Female,Less Interested,Rural,50,8120000,71.6,90.32,True,1
534,Academic,B,Male,Less Interested,Urban,58,2140000,82.9,83.53,True,0
535,Vocational,A,Male,Very Interested,Urban,54,5450000,70.3,85.41,False,1
536,Vocational,B,Female,Very Interested,Rural,50,5970000,71.9,82.98,True,0
537,Academic,B,Female,Less Interested,Rural,50,7650000,97.3,86.88,True,1
538,Academic,A,Male,Very Interested,Rural,46,4150000,52.4,81.06,True,0
539,Academic,B,Female,Very Interested,Rural,51,5850000,95.9,92.43,True,1
540,Academic,B,Female,Very Interested,Rural,48,4240000,68.4,86.52,True,0
541,Academic,A,Female,Uncertain,Rural,51,5840000,83.4,93.04,True,1
542,Academic,A,Male,Very Interested,Urban,51,5720000,75.3,86.35,False,1
543,Vocational,B,Male,Very Interested,Urban,54,4480000,97.0,82.46,False,1
544,Academic,B,Female,Less Interested,Rural,49,7100000,81.5,84.05,True,0
545,Academic,B,Female,Very Interested,Urban,52,3500000,66.9,85.11,True,0
546,Vocational,B,Female,Uncertain,Rural,49,4750000,87.0,83.45,True,0
547,Vocational,B,Female,Not Interested,Rural,52,5810000,81.3,88.73,True,0
548,Academic,A,Male,Less Interested,Urban,55,3070000,68.7,83.3,False,0
549,Vocational,B,Male,Uncertain,Urban,57,4030000,77.8,83.34,True,0
550,Vocational,A,Male,Not Interested,Urban,51,5000000,63.8,81.24,False,1
551,Vocational,A,Male,Less Interested,Urban,58,4560000,77.7,83.87,False,1
552,Academic,A,Female,Less Interested,Urban,53,6360000,85.3,88.35,False,1
553,Academic,B,Male,Very Interested,Urban,56,5910000,91.3,85.29,False,1
554,Vocational,B,Female,Uncertain,Rural,53,3950000,75.9,84.31,True,0
555,Vocational,B,Male,Uncertain,Rural,48,7250000,77.5,89.25,True,1
556,Academic,A,Female,Very Interested,Urban,52,7540000,69.4,86.98,False,1
557,Academic,A,Male,Not Interested,Rural,41,3020000,50.6,77.18,True,0
558,Vocational,B,Female,Not Interested,Rural,52,4450000,71.0,84.79,True,0
559,Academic,B,Male,Very Interested,Rural,50,3180000,72.4,85.01,True,0
560,Vocational,B,Female,Not Interested,Rural,45,7490000,60.0,87.25,True,1
561,Vocational,A,Male,Very Interested,Urban,53,5540000,63.6,84.53,False,0
562,Academic,A,Female,Interested,Urban,54,4930000,96.9,86.97,False,1
563,Vocational,A,Male,Interested,Rural,46,7780000,114.8,91.5,True,1
564,Vocational,B,Male,Uncertain,Urban,53,3790000,80.0,90.82,True,1
565,Academic,B,Female,Very Interested,Rural,52,7420000,82.6,86.82,True,1
566,Academic,A,Female,Very Interested,Urban,54,5970000,74.3,85.68,False,1
567,Academic,B,Male,Uncertain,Urban,59,3610000,85.2,78.67,False,1
568,Academic,A,Female,Very Interested,Urban,52,4930000,66.4,90.18,False,1
569,Academic,B,Male,Very Interested,Urban,53,6640000,81.0,89.22,False,1
570,Academic,A,Male,Very Interested,Urban,57,6310000,92.8,88.96,False,1
571,Vocational,A,Male,Very Interested,Rural,55,6080000,94.9,89.96,True,1
572,Academic,A,Male,Very Interested,Urban,56,3860000,68.6,82.24,False,0
573,Academic,B,Female,Not Interested,Rural,50,6050000,106.1,84.28,True,1
574,Academic,B,Female,Interested,Urban,51,3180000,63.0,83.62,True,0
575,Academic,A,Female,Interested,Urban,56,6700000,98.2,86.6,False,1
576,Vocational,B,Male,Interested,Urban,54,5040000,43.5,84.87,False,0
577,Academic,B,Male,Uncertain,Rural,50,8140000,78.3,89.24,True,1
578,Academic,B,Male,Uncertain,Rural,50,3300000,101.9,96.23,True,1
579,Academic,A,Male,Less Interested,Urban,53,2570000,100.0,91.43,False,1
580,Vocational,B,Male,Uncertain,Rural,52,3690000,84.7,82.67,True,0
581,Academic,B,Male,Uncertain,Rural,52,5920000,99.4,86.0,True,1
582,Academic,B,Female,Less Interested,Rural,54,7050000,69.6,84.15,False,0
583,Academic,B,Female,Very Interested,Rural,45,7580000,110.3,88.4,True,1
584,Academic,B,Female,Uncertain,Rural,53,6520000,95.4,94.34,True,1
585,Academic,B,Male,Very Interested,Urban,56,2900000,79.7,86.94,False,0
586,Academic,B,Female,Very Interested,Rural,52,8470000,83.7,88.09,False,1
587,Vocational,B,Female,Less Interested,Rural,52,6560000,89.9,88.76,True,1
588,Academic,B,Female,Uncertain,Rural,52,6610000,93.2,92.0,True,1
589,Academic,B,Male,Less Interested,Urban,54,5730000,70.4,84.12,True,1
590,Vocational,B,Female,Uncertain,Rural,46,5410000,89.9,84.05,True,0
591,Academic,A,Female,Less Interested,Urban,55,5210000,61.1,81.19,False,0
592,Academic,A,Female,Uncertain,Urban,54,5580000,80.7,90.49,False,1
593,Academic,B,Male,Very Interested,Rural,54,3700000,66.9,82.45,True,0
594,Vocational,A,Male,Uncertain,Urban,52,5280000,81.3,91.6,False,1
595,Vocational,B,Female,Not Interested,Rural,48,5830000,68.8,98.0,True,1
596,Academic,A,Female,Less Interested,Urban,55,5560000,90.5,89.42,False,1
597,Academic,A,Male,Very Interested,Urban,53,5470000,92.8,91.9,False,1
598,Vocational,A,Female,Very Interested,Rural,51,6660000,71.4,87.36,False,1
599,Academic,A,Male,Very Interested,Urban,55,6240000,71.9,87.55,False,1
600,Vocational,A,Male,Interested,Urban,55,5020000,45.0,87.09,False,0
601,Academic,A,Female,Less Interested,Urban,55,8160000,84.7,83.15,False,1
602,Academic,B,Male,Very Interested,Urban,52,4520000,79.2,89.44,False,1
603,Vocational,A,Female,Very Interested,Urban,53,5420000,79.0,87.37,False,1
604,Vocational,B,Female,Not Interested,Rural,54,3650000,71.6,85.13,True,0
605,Academic,A,Female,Very Interested,Urban,50,4340000,51.9,81.74,False,0
606,Academic,B,Female,Very Interested,Urban,55,6690000,99.3,91.51,False,1
607,Academic,B,Male,Uncertain,Rural,52,7120000,77.8,92.68,True,1
608,Academic,A,Male,Very Interested,Urban,53,5010000,49.8,85.81,False,0
609,Academic,A,Male,Less Interested,Urban,50,3410000,57.7,80.4,False,0
610,Academic,B,Male,Interested,Urban,52,3110000,67.0,83.69,False,0
611,Vocational,B,Male,Uncertain,Rural,49,5640000,92.5,85.66,True,0
612,Academic,B,Male,Uncertain,Rural,52,7350000,72.1,90.79,True,1
613,Vocational,A,Female,Very Interested,Rural,47,6700000,66.9,85.36,False,0
614,Academic,A,Male,Interested,Urban,59,4700000,95.6,87.63,False,1
615,Academic,A,Male,Uncertain,Urban,57,4460000,81.7,83.06,False,1
616,Academic,B,Male,Very Interested,Rural,50,5710000,73.4,84.68,True,0
617,Vocational,B,Female,Not Interested,Rural,52,5330000,76.5,94.93,True,1
618,Academic,B,Female,Interested,Urban,62,6110000,87.2,88.74,True,1
619,Vocational,A,Male,Uncertain,Urban,53,6180000,68.5,83.82,False,0
620,Vocational,B,Male,Interested,Rural,52,7580000,81.4,89.9,True,1
621,Academic,A,Female,Less Interested,Urban,52,4820000,71.2,83.54,False,1
622,Academic,A,Female,Less Interested,Urban,55,4450000,78.7,84.99,False,1
623,Vocational,B,Female,Uncertain,Rural,45,4950000,87.0,82.35,True,0
624,Academic,A,Male,Not Interested,Urban,56,4940000,68.5,82.96,False,1
625,Academic,B,Male,Interested,Urban,58,1880000,79.0,83.47,False,0
626,Academic,B,Female,Very Interested,Urban,50,1940000,70.9,81.33,True,0
627,Academic,A,Female,Very Interested,Rural,49,3540000,53.9,79.83,True,0
628,Academic,B,Female,Less Interested,Urban,58,3160000,88.0,89.06,True,0
629,Vocational,A,Female,Very Interested,Urban,53,5700000,75.5,83.64,False,1
630,Academic,B,Male,Uncertain,Rural,52,6660000,77.6,90.29,True,1
631,Vocational,A,Male,Uncertain,Rural,50,5040000,60.6,84.67,False,0
632,Academic,A,Female,Uncertain,Urban,58,3180000,65.7,85.22,False,0
633,Academic,B,Female,Uncertain,Rural,51,5540000,105.9,94.04,True,1
634,Academic,B,Female,Less Interested,Urban,54,5460000,76.2,80.79,False,0
635,Vocational,A,Female,Very Interested,Urban,56,5400000,91.9,88.39,False,1
636,Vocational,B,Female,Less Interested,Rural,52,7530000,69.6,91.3,True,1
637,Vocational,A,Male,Very Interested,Urban,50,6840000,58.6,83.59,False,0
638,Academic,A,Female,Less Interested,Urban,52,4830000,85.7,86.99,False,1
639,Academic,A,Female,Less Interested,Urban,60,3460000,63.0,81.33,False,0
640,Vocational,B,Male,Very Interested,Rural,48,7120000,76.0,83.35,True,0
641,Academic,A,Female,Very Interested,Urban,59,3680000,74.7,84.04,False,0
642,Vocational,B,Male,Uncertain,Rural,52,6750000,71.0,87.78,True,0
643,Academic,B,Female,Less Interested,Urban,54,4060000,61.6,85.54,False,0
644,Academic,A,Male,Not Interested,Rural,53,2740000,85.1,84.9,True,0
645,Academic,A,Male,Not Interested,Urban,56,4670000,70.4,82.75,False,1
646,Academic,A,Male,Very Interested,Urban,54,6670000,78.7,88.52,False,1
647,Academic,A,Male,Not Interested,Rural,51,3800000,68.8,85.12,True,0
648,Academic,A,Female,Very Interested,Urban,52,7260000,74.2,89.05,False,1
649,Academic,A,Male,Uncertain,Urban,54,4910000,71.3,82.12,False,1
650,Vocational,B,Male,Not Interested,Rural,55,3360000,83.9,85.62,True,0
651,Academic,B,Female,Less Interested,Urban,53,5890000,72.5,83.86,False,0
652,Academic,B,Male,Interested,Urban,60,4320000,58.8,87.15,False,0
653,Academic,A,Female,Less Interested,Urban,51,5720000,86.3,84.66,False,1
654,Academic,A,Male,Very Interested,Urban,51,6020000,67.7,84.94,False,0
655,Vocational,A,Male,Very Interested,Rural,47,7430000,54.5,85.62,False,0
656,Academic,A,Female,Very Interested,Urban,54,6900000,90.4,91.29,False,1
657,Vocational,A,Female,Uncertain,Rural,53,5260000,71.7,86.05,False,0
658,Academic,B,Female,Less Interested,Urban,54,7750000,90.6,89.02,False,1
659,Vocational,B,Male,Not Interested,Rural,50,6540000,74.6,87.62,True,0
660,Academic,A,Female,Less Interested,Urban,60,3670000,83.5,88.3,False,0
661,Academic,A,Female,Very Interested,Urban,54,4590000,55.8,81.34,False,0
662,Academic,A,Male,Very Interested,Rural,48,5210000,37.9,81.35,True,0
663,Vocational,A,Male,Interested,Urban,61,5400000,56.2,88.43,False,0
664,Vocational,B,Female,Very Interested,Rural,51,6180000,74.0,83.96,True,0
665,Academic,A,Male,Very Interested,Urban,51,5440000,85.0,88.79,False,1
666,Academic,A,Female,Interested,Urban,44,5420000,24.7,81.71,False,0
667,Academic,A,Female,Interested,Urban,49,7450000,92.6,83.55,False,1
668,Academic,B,Male,Interested,Urban,56,4030000,64.5,83.68,False,0
669,Academic,B,Male,Uncertain,Rural,52,5900000,102.9,87.68,True,1
670,Academic,A,Female,Very Interested,Urban,52,7950000,74.7,86.17,False,1
671,Vocational,A,Male,Uncertain,Rural,49,5930000,74.6,84.87,True,0
672,Academic,B,Male,Not Interested,Rural,50,6050000,107.5,85.46,True,1
673,Academic,A,Male,Very Interested,Rural,55,7780000,86.3,89.5,False,1
674,Vocational,B,Male,Very Interested,Urban,57,4330000,81.2,82.95,True,0
675,Academic,B,Female,Less Interested,Urban,49,3860000,60.3,85.07,True,0
676,Vocational,B,Female,Uncertain,Rural,56,4750000,86.6,84.93,True,0
677,Academic,A,Male,Uncertain,Urban,59,5300000,94.2,86.85,False,1
678,Academic,B,Female,Uncertain,Rural,55,7450000,86.3,93.78,True,1
679,Academic,B,Male,Less Interested,Urban,54,7130000,60.6,86.85,True,1
680,Vocational,B,Female,Not Interested,Urban,52,5080000,61.8,80.34,False,1
681,Vocational,B,Male,Very Interested,Urban,55,5050000,74.3,84.06,False,1
682,Vocational,B,Male,Not Interested,Rural,45,6580000,67.0,83.02,True,0
683,Vocational,A,Female,Less Interested,Urban,53,5950000,90.8,85.41,True,1
684,Academic,B,Male,Uncertain,Urban,57,5360000,92.3,86.79,True,1
685,Vocational,B,Female,Interested,Urban,59,5360000,71.8,87.23,False,1
686,Academic,B,Male,Very Interested,Rural,52,5670000,82.6,85.57,False,0
687,Academic,B,Male,Very Interested,Rural,52,7410000,74.9,89.39,True,1
688,Academic,B,Female,Very Interested,Rural,52,5240000,100.0,91.65,True,1
689,Academic,A,Male,Interested,Urban,54,3940000,101.1,88.07,False,1
690,Academic,A,Male,Uncertain,Rural,51,8100000,74.6,86.33,False,1
691,Academic,B,Female,Very Interested,Rural,49,7670000,97.1,90.52,True,1
692,Vocational,B,Female,Uncertain,Rural,43,6820000,81.1,86.44,True,0
693,Vocational,A,Female,Very Interested,Urban,50,5310000,67.3,84.31,False,0
694,Vocational,B,Female,Uncertain,Rural,53,3540000,113.2,86.0,True,0
695,Vocational,A,Female,Very Interested,Urban,52,5520000,82.5,84.59,False,1
696,Academic,A,Male,Uncertain,Rural,52,7510000,64.9,87.24,False,1
697,Academic,B,Female,Uncertain,Rural,53,6410000,93.8,92.66,True,1
698,Academic,B,Female,Uncertain,Rural,50,7620000,80.1,90.52,True,1
699,Academic,A,Male,Very Interested,Urban,49,4210000,52.4,81.59,True,0
700,Academic,A,Female,Very Interested,Urban,54,7790000,70.0,84.72,False,1
701,Vocational,A,Male,Very Interested,Urban,52,5330000,96.2,83.34,False,1
702,Vocational,A,Male,Uncertain,Urban,53,6210000,54.8,86.59,False,0
703,Academic,A,Male,Very Interested,Rural,46,4900000,51.6,82.62,True,0
704,Academic,A,Male,Less Interested,Rural,51,4650000,53.9,84.06,True,0
705,Academic,A,Male,Less Interested,Rural,52,6630000,66.8,85.3,False,0
706,Vocational,A,Male,Very Interested,Urban,52,6270000,60.8,84.34,False,0
707,Academic,A,Male,Interested,Urban,56,5400000,97.7,83.17,False,1
708,Vocational,B,Female,Not Interested,Rural,49,6700000,89.3,88.44,True,1
709,Academic,A,Female,Very Interested,Urban,53,4470000,85.2,86.66,False,1
710,Vocational,B,Male,Very Interested,Rural,48,6440000,71.1,83.05,True,0
711,Academic,B,Male,Interested,Urban,52,4310000,53.7,87.21,False,0
712,Academic,B,Male,Less Interested,Urban,57,5080000,88.1,83.57,False,0
713,Vocational,A,Female,Not Interested,Rural,48,5840000,63.8,85.97,True,0
714,Academic,B,Male,Very Interested,Urban,50,4780000,105.7,92.31,False,1
715,Academic,B,Male,Less Interested,Urban,53,3520000,105.1,93.72,True,1
716,Academic,B,Female,Less Interested,Urban,56,3540000,73.1,86.28,False,0
717,Academic,A,Female,Less Interested,Urban,58,4480000,69.5,86.43,False,0
718,Vocational,B,Female,Not Interested,Rural,50,5520000,74.2,86.74,True,0
719,Academic,A,Male,Interested,Urban,52,3340000,56.3,81.99,False,0
720,Academic,A,Male,Very Interested,Rural,50,4740000,56.7,84.02,True,0
721,Vocational,A,Female,Uncertain,Urban,59,3340000,53.4,83.04,False,0
722,Academic,A,Male,Very Interested,Urban,54,5270000,72.7,85.47,False,0
723,Academic,B,Male,Very Interested,Urban,50,6710000,71.2,89.82,True,1
724,Academic,B,Female,Less Interested,Urban,56,3780000,74.5,78.94,False,0
725,Vocational,A,Male,Interested,Urban,57,6170000,67.0,92.25,False,1
726,Academic,B,Female,Interested,Rural,44,5180000,41.1,83.52,True,0
727,Academic,B,Female,Less Interested,Urban,47,3950000,50.8,82.67,True,0
728,Academic,A,Female,Less Interested,Urban,53,4900000,100.5,90.21,False,1
729,Academic,A,Male,Less Interested,Rural,49,5420000,38.0,83.59,True,0
730,Academic,B,Male,Uncertain,Rural,54,2590000,84.5,95.94,True,1
731,Academic,A,Male,Very Interested,Urban,52,4160000,69.1,86.14,False,1
732,Academic,A,Male,Very Interested,Rural,54,5900000,77.2,86.64,False,0
733,Vocational,A,Female,Very Interested,Rural,49,6710000,63.8,86.82,True,1
734,Vocational,B,Male,Uncertain,Rural,46,5240000,87.2,84.53,True,0
735,Academic,B,Male,Less Interested,Rural,47,6690000,80.4,84.3,True,0
736,Academic,A,Female,Very Interested,Rural,52,3490000,88.3,92.8,True,1
737,Vocational,A,Female,Very Interested,Urban,53,6150000,54.4,85.46,False,1
738,Academic,B,Female,Very Interested,Urban,52,7330000,77.9,87.5,False,1
739,Academic,B,Male,Uncertain,Urban,53,6700000,64.9,89.67,True,1
740,Academic,B,Male,Not Interested,Rural,48,3320000,72.8,83.63,True,0
741,Academic,B,Female,Uncertain,Rural,49,6740000,77.2,87.0,True,1
742,Vocational,B,Male,Uncertain,Rural,45,7390000,103.7,85.24,True,1
743,Academic,B,Male,Uncertain,Rural,49,6460000,83.8,92.05,True,1
744,Vocational,B,Female,Very Interested,Urban,56,4490000,69.7,81.34,False,0
745,Academic,A,Male,Less Interested,Rural,51,6340000,74.3,83.96,False,0
746,Academic,A,Male,Less Interested,Urban,55,3390000,101.7,90.28,False,1
747,Academic,B,Female,Less Interested,Urban,53,2940000,73.3,85.82,False,0
748,Academic,A,Female,Very Interested,Rural,47,2990000,73.8,82.29,False,0
749,Vocational,B,Male,Not Interested,Rural,53,4060000,84.7,84.0,True,0
750,Academic,B,Female,Uncertain,Rural,50,7000000,82.7,89.66,True,1
751,Academic,A,Male,Uncertain,Rural,52,5940000,83.8,85.34,True,1
752,Vocational,A,Male,Not Interested,Rural,53,7460000,58.2,90.95,True,1
753,Vocational,B,Male,Uncertain,Rural,55,4280000,85.5,85.42,True,0
754,Academic,B,Male,Very Interested,Urban,52,4390000,89.0,91.4,True,1
755,Vocational,B,Female,Uncertain,Rural,50,4930000,86.1,91.88,True,1
756,Academic,B,Male,Less Interested,Urban,49,4380000,49.8,82.47,True,0
757,Academic,B,Female,Very Interested,Rural,49,7460000,78.0,87.39,False,1
758,Academic,B,Male,Less Interested,Urban,54,4630000,53.9,84.99,True,0
759,Academic,A,Female,Less Interested,Urban,52,4450000,42.2,81.83,False,0
760,Academic,A,Male,Less Interested,Urban,55,5690000,82.7,85.89,False,1
761,Academic,B,Female,Uncertain,Rural,54,8010000,74.4,90.43,True,1
762,Vocational,B,Male,Very Interested,Rural,51,6370000,82.5,89.31,True,1
763,Academic,A,Male,Less Interested,Urban,54,4920000,85.3,88.31,False,1
764,Academic,A,Male,Very Interested,Urban,55,6140000,70.7,87.19,False,1
765,Vocational,A,Female,Uncertain,Rural,53,6400000,90.4,88.57,True,1
766,Academic,B,Female,Less Interested,Urban,59,5210000,86.7,87.0,True,1
767,Vocational,A,Female,Uncertain,Urban,58,2830000,87.9,75.0,False,1
768,Academic,B,Female,Uncertain,Urban,50,3570000,75.0,91.15,True,1
769,Academic,A,Male,Less Interested,Urban,53,3130000,60.6,81.2,False,0
770,Academic,A,Male,Very Interested,Urban,53,7590000,83.9,88.84,False,1
771,Vocational,B,Female,Interested,Urban,54,3580000,58.7,85.99,False,0
772,Vocational,B,Female,Not Interested,Rural,50,6140000,87.4,86.19,True,0
773,Academic,B,Female,Less Interested,Rural,52,4720000,95.7,83.01,True,0
774,Vocational,B,Female,Very Interested,Rural,49,7170000,74.8,87.19,True,1
775,Academic,B,Female,Very Interested,Urban,49,6910000,71.6,87.47,False,1
776,Vocational,A,Male,Uncertain,Urban,53,5650000,67.4,86.74,False,0
777,Academic,B,Female,Not Interested,Rural,44,7790000,85.3,85.73,True,1
778,Academic,A,Male,Less Interested,Urban,65,4360000,65.7,86.55,False,0
779,Vocational,B,Male,Less Interested,Rural,51,6710000,75.3,84.86,True,1
780,Vocational,B,Female,Uncertain,Rural,51,5770000,75.8,86.01,True,0
781,Academic,B,Male,Very Interested,Rural,54,4170000,101.9,95.23,True,1
782,Academic,A,Male,Uncertain,Rural,53,4840000,57.3,83.28,True,0
783,Vocational,A,Male,Uncertain,Rural,53,5400000,67.2,86.03,False,0
784,Academic,A,Male,Less Interested,Urban,54,6240000,71.8,82.63,False,1
785,Vocational,A,Male,Not Interested,Rural,54,5760000,79.3,90.97,True,0
786,Academic,A,Female,Less Interested,Urban,53,4630000,55.1,85.19,False,0
787,Vocational,A,Male,Less Interested,Rural,51,7320000,68.3,87.02,False,1
788,Academic,B,Male,Very Interested,Urban,52,6160000,85.4,86.57,True,1
789,Vocational,B,Female,Not Interested,Rural,53,4720000,66.6,84.71,True,0
790,Academic,B,Female,Uncertain,Urban,52,6110000,59.2,84.44,True,1
791,Vocational,A,Female,Uncertain,Urban,55,4250000,57.2,78.83,False,1
792,Vocational,A,Female,Uncertain,Rural,54,4900000,81.4,86.47,True,0
793,Academic,B,Male,Uncertain,Urban,55,5050000,81.2,83.36,False,1
794,Vocational,B,Male,Uncertain,Rural,53,5960000,83.8,92.85,True,1
795,Academic,A,Female,Very Interested,Rural,50,7030000,78.7,86.54,True,1
796,Vocational,B,Female,Interested,Urban,48,5780000,37.1,84.21,True,0
797,Vocational,B,Female,Very Interested,Urban,56,4210000,42.9,80.56,False,1
798,Academic,A,Male,Less Interested,Urban,53,6550000,84.7,84.39,False,1
799,Vocational,B,Male,Very Interested,Rural,50,5870000,86.5,85.51,True,0
800,Vocational,A,Female,Very Interested,Rural,49,7010000,73.3,84.9,True,0
801,Academic,B,Female,Not Interested,Rural,50,4920000,113.1,82.93,True,1
802,Vocational,B,Female,Interested,Urban,53,4010000,55.4,85.31,True,0
803,Academic,A,Female,Uncertain,Rural,49,2570000,73.1,83.07,True,0
804,Vocational,A,Male,Very Interested,Urban,53,6010000,53.4,84.68,False,0
805,Vocational,B,Male,Very Interested,Urban,54,5790000,89.8,85.89,True,1
806,Academic,B,Female,Uncertain,Rural,51,6470000,77.0,92.25,True,1
807,Vocational,A,Male,Very Interested,Urban,54,5020000,76.5,83.05,False,1
808,Academic,B,Female,Not Interested,Urban,54,5150000,74.7,81.05,True,1
809,Academic,B,Female,Uncertain,Rural,51,7050000,85.2,91.49,True,1
810,Academic,B,Female,Interested,Urban,47,4070000,41.4,80.99,True,0
811,Academic,A,Male,Interested,Urban,57,4130000,60.4,85.23,False,0
812,Academic,B,Male,Very Interested,Rural,47,5140000,49.7,86.29,True,0
813,Academic,B,Female,Less Interested,Rural,50,4490000,60.0,85.95,True,0
814,Vocational,B,Female,Less Interested,Rural,45,7420000,76.3,88.58,True,1
815,Academic,A,Female,Less Interested,Rural,50,7580000,84.9,86.8,False,0
816,Vocational,A,Male,Very Interested,Rural,42,7530000,67.7,84.76,False,0
817,Vocational,B,Female,Uncertain,Rural,51,5510000,87.6,83.9,True,0
818,Academic,A,Male,Uncertain,Urban,49,7330000,67.2,83.64,False,1
819,Academic,A,Male,Very Interested,Urban,54,6190000,98.3,89.27,False,1
820,Vocational,A,Male,Very Interested,Urban,53,6320000,70.5,86.19,True,1
821,Academic,A,Male,Less Interested,Urban,54,5550000,93.3,88.71,False,1
822,Academic,A,Female,Very Interested,Urban,56,5240000,85.9,91.0,False,1
823,Vocational,B,Male,Less Interested,Rural,52,4230000,60.3,84.6,True,0
824,Vocational,A,Male,Less Interested,Urban,60,5070000,81.2,85.97,False,1
825,Vocational,B,Male,Very Interested,Rural,52,6640000,81.8,87.7,True,1
826,Academic,B,Female,Uncertain,Rural,52,6010000,87.8,92.03,True,1
827,Vocational,A,Female,Uncertain,Urban,55,4190000,54.4,81.77,False,1
828,Vocational,B,Female,Interested,Urban,52,4960000,36.0,82.5,True,0
829,Vocational,A,Male,Interested,Urban,59,3630000,56.2,82.44,False,0
830,Academic,A,Female,Less Interested,Rural,49,7390000,68.7,84.66,False,0
831,Academic,B,Female,Uncertain,Rural,50,5640000,87.6,92.45,True,1
832,Academic,A,Male,Less Interested,Urban,55,5180000,61.3,88.02,False,0
833,Vocational,A,Male,Very Interested,Urban,56,3350000,87.4,93.45,True,1
834,Academic,B,Female,Uncertain,Rural,45,6270000,71.0,89.08,True,1
835,Academic,A,Male,Uncertain,Urban,51,7650000,64.2,87.03,False,1
836,Vocational,B,Male,Uncertain,Rural,52,6120000,65.8,84.55,True,0
837,Academic,A,Female,Less Interested,Urban,56,5330000,82.2,88.85,False,1
838,Vocational,B,Male,Not Interested,Rural,49,4960000,81.7,85.37,True,0
839,Vocational,A,Male,Less Interested,Rural,47,8930000,40.9,89.86,True,1
840,Academic,B,Male,Interested,Urban,54,3940000,65.1,84.12,False,0
841,Academic,B,Male,Uncertain,Rural,52,6660000,79.2,90.19,True,1
842,Vocational,A,Female,Uncertain,Rural,56,5850000,101.6,88.16,False,1
843,Academic,B,Female,Less Interested,Urban,56,5760000,89.9,85.93,False,1
844,Academic,B,Female,Not Interested,Urban,57,4760000,85.5,85.13,False,1
845,Academic,B,Male,Very Interested,Rural,52,3210000,83.0,89.02,True,0
846,Academic,A,Female,Very Interested,Urban,52,6290000,63.0,85.61,False,1
847,Vocational,A,Male,Uncertain,Urban,55,5410000,56.2,83.48,False,1
848,Vocational,B,Male,Very Interested,Urban,55,4250000,68.6,81.93,False,0
849,Academic,B,Male,Not Interested,Rural,49,5340000,80.4,94.06,True,1
850,Academic,B,Female,Very Interested,Rural,50,5950000,99.9,83.64,True,1
851,Academic,A,Male,Interested,Urban,55,5120000,99.0,87.08,False,1
852,Vocational,B,Female,Uncertain,Rural,44,6240000,77.6,83.2,True,0
853,Vocational,A,Female,Very Interested,Urban,53,5470000,76.0,82.55,False,1
854,Academic,A,Male,Interested,Urban,60,5830000,63.4,80.4,False,0
855,Academic,A,Male,Interested,Urban,54,6500000,57.0,82.37,False,0
856,Vocational,A,Male,Interested,Rural,45,7370000,79.2,86.31,True,1
857,Academic,B,Male,Very Interested,Urban,53,6280000,62.1,85.02,True,1
858,Academic,B,Female,Very Interested,Rural,50,7500000,88.2,88.13,True,1
859,Academic,A,Male,Less Interested,Rural,49,6770000,81.0,83.7,False,0
860,Vocational,B,Female,Interested,Urban,53,4060000,62.8,88.07,False,0
861,Academic,B,Male,Very Interested,Urban,53,6690000,80.0,86.77,False,1
862,Academic,B,Male,Less Interested,Urban,53,3930000,60.9,84.01,True,0
863,Academic,A,Female,Less Interested,Urban,58,4990000,48.8,81.6,False,0
864,Vocational,A,Female,Uncertain,Rural,50,6230000,85.4,82.26,True,1
865,Academic,A,Male,Very Interested,Urban,54,6360000,77.6,87.66,True,1
866,Academic,A,Female,Less Interested,Urban,62,5220000,53.0,84.32,False,0
867,Vocational,A,Male,Uncertain,Urban,52,4210000,66.9,83.8,False,0
868,Academic,B,Female,Very Interested,Rural,49,6280000,96.4,89.97,True,1
869,Vocational,B,Male,Uncertain,Rural,54,4870000,80.6,84.42,False,0
870,Academic,A,Female,Very Interested,Urban,55,5520000,89.1,92.89,False,1
871,Academic,B,Female,Very Interested,Urban,51,3620000,92.2,91.98,True,1
872,Academic,B,Female,Interested,Urban,44,5900000,27.8,82.69,True,0
873,Vocational,A,Female,Very Interested,Urban,53,5750000,68.8,83.53,False,1
874,Academic,A,Female,Very Interested,Urban,54,5750000,61.3,84.85,False,0
875,Vocational,A,Female,Interested,Rural,51,7210000,91.9,89.11,True,1
876,Academic,B,Male,Interested,Urban,54,3710000,65.7,85.09,False,0
877,Vocational,B,Female,Not Interested,Rural,54,3720000,85.3,84.64,True,0
878,Vocational,B,Male,Very Interested,Rural,51,4870000,92.1,81.69,True,0
879,Academic,A,Female,Less Interested,Urban,53,5910000,82.0,87.67,False,1
880,Vocational,B,Female,Not Interested,Rural,49,4910000,68.7,84.64,True,0
881,Academic,B,Female,Less Interested,Urban,58,3650000,64.6,84.14,False,0
882,Vocational,A,Female,Uncertain,Urban,54,4210000,76.0,91.73,True,1
883,Academic,B,Female,Very Interested,Urban,49,2560000,70.3,82.51,True,0
884,Vocational,B,Female,Uncertain,Urban,60,4350000,63.7,83.06,False,0
885,Vocational,A,Male,Uncertain,Rural,56,5320000,74.8,86.64,True,0
886,Academic,A,Female,Less Interested,Urban,52,4510000,93.1,87.48,False,1
887,Vocational,A,Female,Less Interested,Rural,54,5990000,97.3,89.36,False,1
888,Academic,A,Male,Less Interested,Urban,54,4410000,48.4,83.68,False,0
889,Vocational,B,Female,Not Interested,Rural,45,6330000,64.1,83.55,True,0
890,Vocational,A,Female,Very Interested,Rural,45,8370000,81.7,92.24,True,1
891,Academic,A,Female,Very Interested,Urban,55,5480000,96.3,91.84,False,1
892,Vocational,B,Male,Uncertain,Rural,52,6240000,75.5,87.08,True,1
893,Academic,B,Male,Very Interested,Rural,53,4090000,88.8,84.53,True,0
894,Vocational,B,Male,Not Interested,Rural,48,5930000,68.7,85.86,True,0
895,Vocational,A,Male,Uncertain,Urban,55,4970000,73.5,85.76,False,0
896,Academic,B,Male,Very Interested,Urban,53,5330000,86.6,89.49,False,1
897,Vocational,B,Male,Very Interested,Rural,49,6920000,66.7,87.04,True,1
898,Vocational,A,Male,Uncertain,Rural,51,6830000,74.0,86.56,False,0
899,Vocational,B,Female,Uncertain,Urban,49,6660000,53.1,84.06,True,1
900,Academic,A,Female,Very Interested,Urban,52,6600000,84.0,88.36,False,1
901,Vocational,B,Female,Uncertain,Rural,51,6950000,88.4,86.85,True,0
902,Academic,B,Male,Very Interested,Urban,54,6420000,70.0,84.69,False,1
903,Academic,A,Female,Uncertain,Urban,58,3840000,63.7,83.59,False,0
904,Vocational,A,Female,Very Interested,Urban,53,4220000,66.8,80.29,False,0
905,Academic,B,Male,Uncertain,Rural,48,5130000,89.7,92.55,True,1
906,Academic,A,Female,Very Interested,Urban,51,8770000,67.4,84.75,False,1
907,Vocational,A,Male,Not Interested,Rural,51,8550000,61.9,85.36,False,1
908,Vocational,A,Female,Very Interested,Urban,60,2310000,76.7,75.62,False,1
909,Academic,B,Male,Uncertain,Rural,51,6330000,69.0,84.5,True,1
910,Vocational,A,Male,Very Interested,Urban,53,4950000,67.1,82.74,False,1
911,Academic,B,Female,Less Interested,Urban,55,3020000,67.0,84.86,True,0
912,Academic,B,Female,Very Interested,Rural,51,4020000,67.1,83.63,True,0
913,Vocational,A,Female,Uncertain,Rural,53,4190000,79.7,84.57,False,0
914,Vocational,A,Male,Interested,Urban,61,5170000,43.8,81.97,False,0
915,Academic,A,Male,Uncertain,Urban,53,7860000,66.2,87.09,False,1
916,Vocational,A,Male,Uncertain,Rural,52,5660000,64.3,84.54,False,0
917,Vocational,B,Male,Not Interested,Rural,50,5610000,71.5,87.6,True,0
918,Academic,B,Female,Very Interested,Urban,53,7980000,91.0,87.5,False,1
919,Vocational,B,Female,Less Interested,Rural,50,5610000,75.8,81.07,True,0
920,Vocational,B,Female,Very Interested,Rural,50,6960000,58.2,86.47,True,1
921,Academic,A,Male,Uncertain,Rural,55,6960000,80.6,94.05,True,1
922,Vocational,A,Male,Very Interested,Urban,55,5930000,62.7,83.7,False,1
923,Academic,B,Male,Less Interested,Urban,52,4630000,72.9,81.45,True,0
924,Academic,A,Male,Uncertain,Urban,52,4370000,75.2,91.38,True,1
925,Academic,B,Male,Not Interested,Rural,51,6020000,96.0,87.63,True,1
926,Academic,A,Female,Very Interested,Urban,55,4490000,88.6,89.42,False,1
927,Academic,B,Female,Very Interested,Rural,54,4320000,86.8,83.17,True,0
928,Academic,B,Female,Interested,Urban,56,3250000,67.8,83.94,False,0
929,Academic,B,Male,Uncertain,Rural,57,5780000,99.0,88.61,True,1
930,Academic,B,Male,Less Interested,Rural,48,5050000,36.5,81.41,True,0
931,Vocational,B,Male,Interested,Urban,51,4180000,44.0,82.62,False,0
932,Vocational,A,Male,Uncertain,Rural,55,6060000,90.4,90.41,True,1
933,Vocational,B,Male,Very Interested,Urban,56,5580000,84.8,86.57,False,1
934,Academic,B,Male,Uncertain,Rural,47,6530000,82.3,90.77,True,1
935,Academic,A,Male,Less Interested,Urban,52,6430000,61.2,82.06,False,0
936,Academic,A,Male,Very Interested,Urban,53,4430000,64.7,84.76,False,0
937,Academic,B,Male,Very Interested,Urban,57,5430000,93.4,85.5,True,1
938,Academic,B,Male,Interested,Urban,51,5960000,29.2,82.41,False,0
939,Vocational,A,Female,Uncertain,Urban,55,5060000,78.1,85.34,False,1
940,Vocational,A,Male,Less Interested,Urban,56,4800000,74.7,84.59,False,1
941,Academic,A,Male,Less Interested,Urban,55,6660000,63.3,84.26,False,0
942,Academic,B,Female,Very Interested,Urban,56,3530000,92.2,83.82,True,0
943,Academic,A,Female,Less Interested,Urban,51,4650000,43.5,81.18,False,0
944,Academic,B,Male,Uncertain,Rural,52,3330000,90.0,97.0,True,1
945,Vocational,B,Female,Very Interested,Rural,50,5430000,91.9,81.08,True,1
946,Vocational,A,Female,Uncertain,Urban,54,4760000,46.7,80.18,False,1
947,Academic,A,Male,Less Interested,Rural,54,3540000,77.3,85.13,True,0
948,Academic,A,Female,Very Interested,Urban,54,3060000,70.7,81.65,False,0
949,Academic,B,Male,Interested,Urban,54,3900000,64.1,84.7,False,0
950,Academic,B,Male,Uncertain,Urban,60,2650000,84.1,86.61,True,0
951,Academic,A,Female,Very Interested,Urban,52,3420000,74.5,86.56,False,0
952,Academic,B,Male,Very Interested,Urban,52,2000000,80.0,84.03,True,0
953,Vocational,A,Male,Very Interested,Rural,52,5150000,98.0,84.49,False,1
954,Vocational,B,Female,Uncertain,Rural,50,4410000,76.4,82.89,True,0
955,Academic,B,Female,Less Interested,Urban,52,2460000,69.4,82.27,False,0
956,Academic,A,Female,Less Interested,Urban,55,5030000,98.0,87.12,False,1
957,Vocational,B,Male,Uncertain,Rural,55,4810000,88.4,93.87,True,1
958,Vocational,A,Male,Not Interested,Rural,49,4070000,62.7,84.15,True,0
959,Academic,A,Male,Less Interested,Urban,55,5640000,57.1,82.91,False,0
960,Academic,A,Female,Uncertain,Urban,52,5360000,75.0,88.84,True,1
961,Vocational,B,Male,Very Interested,Rural,51,4660000,83.4,80.42,True,0
962,Academic,B,Female,Very Interested,Rural,45,3090000,69.5,81.73,True,0
963,Vocational,A,Male,Interested,Urban,56,5760000,85.0,86.68,False,1
964,Academic,A,Female,Very Interested,Urban,57,6570000,60.0,87.87,False,0
965,Vocational,A,Male,Very Interested,Rural,50,5700000,78.8,83.35,False,0
966,Academic,B,Female,Uncertain,Rural,50,7090000,80.1,89.82,True,1
967,Vocational,A,Female,Uncertain,Urban,52,4180000,94.6,79.11,False,1
968,Vocational,B,Female,Not Interested,Rural,51,6630000,62.5,90.62,True,1
969,Academic,B,Male,Uncertain,Urban,53,5920000,63.7,87.52,True,1
970,Academic,B,Male,Very Interested,Rural,55,8260000,91.1,88.25,True,1
971,Vocational,A,Female,Very Interested,Urban,57,4560000,85.9,83.55,False,1
972,Academic,B,Male,Uncertain,Urban,51,5120000,64.0,91.73,False,1
973,Academic,B,Male,Less Interested,Urban,53,1000000,107.1,90.28,False,1
974,Academic,B,Male,Very Interested,Urban,53,5700000,98.1,89.1,True,1
975,Vocational,B,Male,Uncertain,Rural,47,5120000,82.0,82.1,True,0
976,Academic,B,Male,Very Interested,Urban,56,3850000,60.9,82.33,True,0
977,Academic,A,Female,Very Interested,Urban,51,6540000,64.4,85.98,False,1
978,Academic,A,Female,Less Interested,Urban,57,4850000,93.8,86.85,False,1
979,Academic,A,Female,Less Interested,Rural,52,5110000,54.8,84.5,True,0
980,Academic,B,Male,Not Interested,Urban,52,5180000,78.4,81.06,True,1
981,Academic,A,Male,Very Interested,Urban,51,5510000,76.8,85.52,False,0
982,Vocational,A,Female,Very Interested,Rural,49,6370000,70.7,85.3,True,1
983,Vocational,B,Male,Uncertain,Rural,48,6900000,59.6,85.14,True,0
984,Academic,A,Male,Interested,Urban,57,4470000,57.2,87.19,False,0
985,Vocational,A,Female,Less Interested,Rural,53,6450000,90.7,87.66,True,1
986,Academic,A,Female,Less Interested,Urban,61,3680000,60.9,80.63,False,0
987,Vocational,B,Male,Not Interested,Rural,47,4690000,93.6,88.2,True,0
988,Academic,A,Female,Less Interested,Urban,54,7470000,78.6,86.38,False,1
989,Vocational,B,Male,Very Interested,Rural,49,6000000,71.9,84.58,True,0
990,Academic,A,Female,Less Interested,Urban,54,6500000,99.7,89.59,False,1
991,Academic,B,Female,Very Interested,Rural,51,6910000,74.2,86.87,True,1
992,Academic,B,Female,Less Interested,Urban,53,3770000,65.1,85.27,True,0
993,Academic,B,Male,Very Interested,Rural,53,5000000,50.8,84.54,True,0
994,Academic,B,Female,Less Interested,Urban,52,3270000,65.0,85.16,False,0
995,Vocational,A,Female,Very Interested,Rural,49,7420000,63.6,85.99,True,1
996,Academic,B,Female,Less Interested,Rural,51,7480000,84.3,89.72,True,1
997,Vocational,A,Male,Less Interested,Urban,49,5550000,75.2,79.56,False,1
998,Academic,B,Male,Uncertain,Rural,53,5840000,105.8,87.18,True,1
999,Academic,B,Male,Interested,Urban,50,2940000,69.1,86.13,True,0
